raw,gameID,data,draw1,draw2,draw3,draw4,draw5,draw6,result
"Game 1: 4 red, 5 blue, 4 green; 7 red, 8 blue, 2 green; 9 blue, 6 red; 1 green, 3 red, 7 blue; 3 green, 7 red",1," 4 red, 5 blue, 4 green; 7 red, 8 blue, 2 green; 9 blue, 6 red; 1 green, 3 red, 7 blue; 3 green, 7 red",True,True,True,True,True,True,True
"Game 2: 20 blue, 12 green, 2 red; 1 red, 2 green, 20 blue; 1 red, 14 green, 17 blue; 7 green, 17 blue",2," 20 blue, 12 green, 2 red; 1 red, 2 green, 20 blue; 1 red, 14 green, 17 blue; 7 green, 17 blue",False,False,False,False,True,True,False
"Game 3: 3 green, 4 red; 10 red, 2 blue, 5 green; 9 red, 3 blue, 5 green",3," 3 green, 4 red; 10 red, 2 blue, 5 green; 9 red, 3 blue, 5 green",True,True,True,True,True,True,True
"Game 4: 10 green, 1 blue, 3 red; 1 red, 12 green, 1 blue; 1 blue, 2 green; 4 green, 3 red",4," 10 green, 1 blue, 3 red; 1 red, 12 green, 1 blue; 1 blue, 2 green; 4 green, 3 red",True,True,True,True,True,True,True
"Game 5: 3 green, 8 red, 1 blue; 4 blue, 7 red, 3 green; 2 green, 2 blue, 13 red",5," 3 green, 8 red, 1 blue; 4 blue, 7 red, 3 green; 2 green, 2 blue, 13 red",True,True,False,True,True,True,False
"Game 6: 1 green, 4 red, 2 blue; 9 blue, 1 red; 2 green, 4 blue; 4 red, 11 blue; 9 blue, 3 red",6," 1 green, 4 red, 2 blue; 9 blue, 1 red; 2 green, 4 blue; 4 red, 11 blue; 9 blue, 3 red",True,True,True,True,True,True,True
"Game 7: 13 red, 18 green, 4 blue; 15 red, 5 blue, 14 green; 15 red, 11 green, 7 blue; 3 green, 3 red, 7 blue; 3 red, 5 blue, 9 green",7," 13 red, 18 green, 4 blue; 15 red, 5 blue, 14 green; 15 red, 11 green, 7 blue; 3 green, 3 red, 7 blue; 3 red, 5 blue, 9 green",False,False,False,True,True,True,False
"Game 8: 1 red, 4 green, 4 blue; 15 red, 8 green; 6 green, 1 blue, 15 red; 6 blue, 15 green, 6 red; 2 red, 1 blue, 9 green",8," 1 red, 4 green, 4 blue; 15 red, 8 green; 6 green, 1 blue, 15 red; 6 blue, 15 green, 6 red; 2 red, 1 blue, 9 green",True,False,False,False,True,True,False
"Game 9: 18 red, 8 green; 2 green, 18 red, 9 blue; 14 red, 2 blue, 10 green; 4 red, 2 green, 4 blue; 4 blue, 12 red, 9 green",9," 18 red, 8 green; 2 green, 18 red, 9 blue; 14 red, 2 blue, 10 green; 4 red, 2 green, 4 blue; 4 blue, 12 red, 9 green",False,False,False,True,True,True,False
"Game 10: 4 green, 1 blue; 3 blue, 2 green, 12 red; 15 blue, 12 red, 2 green; 10 red, 8 green, 11 blue; 8 green, 10 blue, 10 red",10," 4 green, 1 blue; 3 blue, 2 green, 12 red; 15 blue, 12 red, 2 green; 10 red, 8 green, 11 blue; 8 green, 10 blue, 10 red",True,True,False,True,True,True,False
"Game 11: 5 blue, 7 red; 2 green, 1 blue, 12 red; 7 green, 8 red, 4 blue; 3 blue, 8 red; 6 green, 9 red, 3 blue; 11 green, 12 red",11," 5 blue, 7 red; 2 green, 1 blue, 12 red; 7 green, 8 red, 4 blue; 3 blue, 8 red; 6 green, 9 red, 3 blue; 11 green, 12 red",True,True,True,True,True,True,True
"Game 12: 1 blue, 3 green; 3 red, 6 green; 2 green; 1 red, 6 green; 1 green, 3 red; 1 blue, 2 green, 2 red",12," 1 blue, 3 green; 3 red, 6 green; 2 green; 1 red, 6 green; 1 green, 3 red; 1 blue, 2 green, 2 red",True,True,True,True,True,True,True
"Game 13: 3 blue, 12 red, 12 green; 5 green, 3 blue, 2 red; 3 green, 7 blue, 13 red; 4 green, 7 red; 3 green, 3 blue, 5 red",13," 3 blue, 12 red, 12 green; 5 green, 3 blue, 2 red; 3 green, 7 blue, 13 red; 4 green, 7 red; 3 green, 3 blue, 5 red",True,True,False,True,True,True,False
"Game 14: 14 blue, 1 red, 6 green; 3 red, 9 blue; 5 green, 11 blue, 3 red",14," 14 blue, 1 red, 6 green; 3 red, 9 blue; 5 green, 11 blue, 3 red",True,True,True,True,True,True,True
"Game 15: 9 blue, 2 red, 5 green; 8 blue, 3 red, 6 green; 17 red, 2 green, 7 blue; 11 red, 2 green, 9 blue; 1 red, 4 green",15," 9 blue, 2 red, 5 green; 8 blue, 3 red, 6 green; 17 red, 2 green, 7 blue; 11 red, 2 green, 9 blue; 1 red, 4 green",True,True,False,True,True,True,False
"Game 16: 2 green, 2 red; 3 red, 2 blue, 2 green; 5 red, 2 blue, 2 green; 2 red; 2 green, 7 blue, 4 red",16," 2 green, 2 red; 3 red, 2 blue, 2 green; 5 red, 2 blue, 2 green; 2 red; 2 green, 7 blue, 4 red",True,True,True,True,True,True,True
"Game 17: 8 blue, 6 green, 11 red; 5 red, 2 green, 2 blue; 4 green, 15 red, 10 blue; 6 blue, 2 red, 6 green",17," 8 blue, 6 green, 11 red; 5 red, 2 green, 2 blue; 4 green, 15 red, 10 blue; 6 blue, 2 red, 6 green",True,True,False,True,True,True,False
"Game 18: 1 green, 11 blue, 1 red; 1 green, 1 blue, 4 red; 10 blue, 2 green; 3 green, 12 red; 4 green, 8 red, 5 blue; 13 blue, 4 red, 3 green",18," 1 green, 11 blue, 1 red; 1 green, 1 blue, 4 red; 10 blue, 2 green; 3 green, 12 red; 4 green, 8 red, 5 blue; 13 blue, 4 red, 3 green",True,True,True,True,True,True,True
"Game 19: 5 green, 3 blue, 5 red; 5 green, 15 blue, 10 red; 15 blue, 12 red, 1 green; 7 red, 5 green, 10 blue",19," 5 green, 3 blue, 5 red; 5 green, 15 blue, 10 red; 15 blue, 12 red, 1 green; 7 red, 5 green, 10 blue",True,False,False,True,True,True,False
"Game 20: 4 red, 9 green, 9 blue; 5 red, 10 green, 10 blue; 3 blue, 11 green",20," 4 red, 9 green, 9 blue; 5 red, 10 green, 10 blue; 3 blue, 11 green",True,True,True,True,True,True,True
"Game 21: 13 blue, 9 green, 13 red; 1 blue, 11 green, 14 red; 14 blue, 8 red, 9 green",21," 13 blue, 9 green, 13 red; 1 blue, 11 green, 14 red; 14 blue, 8 red, 9 green",False,False,True,True,True,True,False
"Game 22: 8 red, 12 blue, 6 green; 12 blue, 10 green, 4 red; 14 green, 16 blue, 3 red; 2 blue, 8 red, 5 green; 12 blue, 9 green, 9 red",22," 8 red, 12 blue, 6 green; 12 blue, 10 green, 4 red; 14 green, 16 blue, 3 red; 2 blue, 8 red, 5 green; 12 blue, 9 green, 9 red",True,True,False,True,True,True,False
"Game 23: 9 red; 3 blue, 11 red; 2 red, 7 blue; 5 red, 4 blue, 1 green; 4 red; 7 blue, 12 red",23," 9 red; 3 blue, 11 red; 2 red, 7 blue; 5 red, 4 blue, 1 green; 4 red; 7 blue, 12 red",True,True,True,True,True,True,True
"Game 24: 5 green, 7 blue, 3 red; 5 green, 3 red, 13 blue; 11 red, 2 green, 4 blue; 11 blue, 1 green, 13 red; 3 green, 9 red, 5 blue; 1 green, 9 red, 17 blue",24," 5 green, 7 blue, 3 red; 5 green, 3 red, 13 blue; 11 red, 2 green, 4 blue; 11 blue, 1 green, 13 red; 3 green, 9 red, 5 blue; 1 green, 9 red, 17 blue",True,True,True,False,True,False,False
"Game 25: 5 blue, 12 green, 4 red; 2 blue, 2 red, 9 green; 8 blue, 16 green, 4 red",25," 5 blue, 12 green, 4 red; 2 blue, 2 red, 9 green; 8 blue, 16 green, 4 red",True,True,False,True,True,True,False
"Game 26: 7 blue, 2 green; 5 blue, 1 green; 1 red, 2 green; 8 blue, 1 green",26," 7 blue, 2 green; 5 blue, 1 green; 1 red, 2 green; 8 blue, 1 green",True,True,True,True,True,True,True
"Game 27: 1 blue, 4 red, 17 green; 3 red, 2 blue; 18 green, 1 blue; 3 red, 7 green; 1 green, 3 red, 3 blue",27," 1 blue, 4 red, 17 green; 3 red, 2 blue; 18 green, 1 blue; 3 red, 7 green; 1 green, 3 red, 3 blue",False,True,False,True,True,True,False
"Game 28: 6 green, 1 blue, 7 red; 10 red, 9 green; 10 red, 9 green, 1 blue; 3 blue, 19 red; 12 red, 3 blue, 14 green",28," 6 green, 1 blue, 7 red; 10 red, 9 green; 10 red, 9 green, 1 blue; 3 blue, 19 red; 12 red, 3 blue, 14 green",True,True,True,False,False,True,False
"Game 29: 4 red, 7 green, 11 blue; 2 red, 3 green, 1 blue; 1 red, 5 blue, 18 green; 11 green, 4 red, 6 blue; 6 blue, 3 red, 11 green; 5 blue, 17 green, 2 red",29," 4 red, 7 green, 11 blue; 2 red, 3 green, 1 blue; 1 red, 5 blue, 18 green; 11 green, 4 red, 6 blue; 6 blue, 3 red, 11 green; 5 blue, 17 green, 2 red",True,True,False,True,True,False,False
"Game 30: 1 red, 15 green, 1 blue; 2 blue, 1 red, 12 green; 6 red, 8 green, 1 blue; 2 blue, 4 red, 11 green; 2 blue, 5 green, 5 red",30," 1 red, 15 green, 1 blue; 2 blue, 1 red, 12 green; 6 red, 8 green, 1 blue; 2 blue, 4 red, 11 green; 2 blue, 5 green, 5 red",False,True,True,True,True,True,False
"Game 31: 9 blue, 6 red, 7 green; 4 green, 2 red; 11 blue",31," 9 blue, 6 red, 7 green; 4 green, 2 red; 11 blue",True,True,True,True,True,True,True
"Game 32: 15 green, 1 blue, 11 red; 1 blue, 7 red, 13 green; 2 blue, 9 green, 3 red; 2 blue, 13 red, 18 green",32," 15 green, 1 blue, 11 red; 1 blue, 7 red, 13 green; 2 blue, 9 green, 3 red; 2 blue, 13 red, 18 green",False,True,True,False,True,True,False
"Game 33: 2 red, 2 green, 4 blue; 2 green, 7 blue, 4 red; 3 blue, 2 green",33," 2 red, 2 green, 4 blue; 2 green, 7 blue, 4 red; 3 blue, 2 green",True,True,True,True,True,True,True
"Game 34: 1 green, 3 red; 13 green; 2 red, 14 green; 2 blue, 14 green; 6 green, 3 red, 1 blue",34," 1 green, 3 red; 13 green; 2 red, 14 green; 2 blue, 14 green; 6 green, 3 red, 1 blue",True,True,False,False,True,True,False
"Game 35: 2 blue; 8 blue, 3 green, 3 red; 15 blue, 2 red; 12 blue, 1 green; 3 blue, 2 green; 2 red, 8 blue",35," 2 blue; 8 blue, 3 green, 3 red; 15 blue, 2 red; 12 blue, 1 green; 3 blue, 2 green; 2 red, 8 blue",True,True,False,True,True,True,False
"Game 36: 4 green, 1 red, 1 blue; 16 green, 3 red; 18 green, 4 red; 4 green",36," 4 green, 1 red, 1 blue; 16 green, 3 red; 18 green, 4 red; 4 green",True,False,False,True,True,True,False
"Game 37: 6 red, 1 blue, 3 green; 2 blue, 3 red, 2 green; 2 red, 1 blue, 9 green; 2 red, 8 green; 2 blue, 2 red; 1 red, 1 green, 1 blue",37," 6 red, 1 blue, 3 green; 2 blue, 3 red, 2 green; 2 red, 1 blue, 9 green; 2 red, 8 green; 2 blue, 2 red; 1 red, 1 green, 1 blue",True,True,True,True,True,True,True
"Game 38: 9 red, 1 green; 14 red, 1 green; 6 green, 3 red; 1 blue, 3 red, 5 green; 5 green, 12 red",38," 9 red, 1 green; 14 red, 1 green; 6 green, 3 red; 1 blue, 3 red, 5 green; 5 green, 12 red",True,False,True,True,True,True,False
"Game 39: 13 blue, 2 red, 3 green; 5 green, 8 blue, 8 red; 11 blue, 7 green",39," 13 blue, 2 red, 3 green; 5 green, 8 blue, 8 red; 11 blue, 7 green",True,True,True,True,True,True,True
"Game 40: 1 green, 7 blue, 6 red; 4 green, 1 red, 5 blue; 7 blue, 2 red",40," 1 green, 7 blue, 6 red; 4 green, 1 red, 5 blue; 7 blue, 2 red",True,True,True,True,True,True,True
"Game 41: 12 red, 5 green, 6 blue; 12 blue, 7 red, 4 green; 7 green, 9 blue, 14 red; 1 green, 6 blue, 4 red; 1 blue, 6 red, 6 green",41," 12 red, 5 green, 6 blue; 12 blue, 7 red, 4 green; 7 green, 9 blue, 14 red; 1 green, 6 blue, 4 red; 1 blue, 6 red, 6 green",True,True,False,True,True,True,False
"Game 42: 9 red, 2 blue, 11 green; 5 blue, 6 red, 7 green; 5 blue, 2 red, 3 green; 7 green, 7 blue, 1 red; 11 green, 12 blue, 4 red; 2 blue, 6 red, 10 green",42," 9 red, 2 blue, 11 green; 5 blue, 6 red, 7 green; 5 blue, 2 red, 3 green; 7 green, 7 blue, 1 red; 11 green, 12 blue, 4 red; 2 blue, 6 red, 10 green",True,True,True,True,True,True,True
"Game 43: 8 green, 7 red, 7 blue; 7 red, 11 green, 2 blue; 17 red, 12 blue; 10 blue, 5 green, 3 red; 2 green, 4 red; 16 green, 10 red, 2 blue",43," 8 green, 7 red, 7 blue; 7 red, 11 green, 2 blue; 17 red, 12 blue; 10 blue, 5 green, 3 red; 2 green, 4 red; 16 green, 10 red, 2 blue",True,True,False,True,True,False,False
"Game 44: 6 blue, 16 green; 7 green, 4 blue, 6 red; 8 red, 5 blue, 7 green; 6 green, 6 red, 6 blue; 10 green, 1 red, 9 blue",44," 6 blue, 16 green; 7 green, 4 blue, 6 red; 8 red, 5 blue, 7 green; 6 green, 6 red, 6 blue; 10 green, 1 red, 9 blue",False,True,True,True,True,True,False
"Game 45: 10 blue, 4 green, 10 red; 5 green, 9 blue, 3 red; 8 blue, 9 green, 10 red; 7 green, 4 red, 3 blue; 2 blue, 5 green, 9 red",45," 10 blue, 4 green, 10 red; 5 green, 9 blue, 3 red; 8 blue, 9 green, 10 red; 7 green, 4 red, 3 blue; 2 blue, 5 green, 9 red",True,True,True,True,True,True,True
"Game 46: 11 green, 1 blue, 3 red; 3 green, 4 blue, 5 red; 5 blue, 10 green, 3 red; 17 red, 4 blue, 5 green; 8 red, 1 blue, 6 green; 9 red, 9 green, 1 blue",46," 11 green, 1 blue, 3 red; 3 green, 4 blue, 5 red; 5 blue, 10 green, 3 red; 17 red, 4 blue, 5 green; 8 red, 1 blue, 6 green; 9 red, 9 green, 1 blue",True,True,True,False,True,True,False
"Game 47: 2 blue, 16 green, 11 red; 1 blue, 7 green, 4 red; 1 green, 3 blue, 9 red; 2 blue, 8 green, 1 red; 14 red, 3 blue, 5 green",47," 2 blue, 16 green, 11 red; 1 blue, 7 green, 4 red; 1 green, 3 blue, 9 red; 2 blue, 8 green, 1 red; 14 red, 3 blue, 5 green",False,True,True,True,False,True,False
"Game 48: 6 blue, 7 red; 2 green, 1 red, 1 blue; 2 green, 3 red, 2 blue; 5 blue, 8 red; 4 red, 5 green, 1 blue",48," 6 blue, 7 red; 2 green, 1 red, 1 blue; 2 green, 3 red, 2 blue; 5 blue, 8 red; 4 red, 5 green, 1 blue",True,True,True,True,True,True,True
"Game 49: 7 green, 3 blue, 11 red; 5 green, 10 red, 8 blue; 6 green, 18 red; 7 green, 9 blue, 14 red; 5 green, 6 blue, 3 red",49," 7 green, 3 blue, 11 red; 5 green, 10 red, 8 blue; 6 green, 18 red; 7 green, 9 blue, 14 red; 5 green, 6 blue, 3 red",True,True,False,False,True,True,False
"Game 50: 3 green, 1 red, 6 blue; 1 blue, 4 green, 13 red; 12 blue, 10 green, 3 red; 18 blue, 4 green, 14 red; 4 green, 6 blue, 7 red",50," 3 green, 1 red, 6 blue; 1 blue, 4 green, 13 red; 12 blue, 10 green, 3 red; 18 blue, 4 green, 14 red; 4 green, 6 blue, 7 red",True,False,True,False,True,True,False
"Game 51: 2 green, 4 red; 1 green, 12 red; 1 blue, 12 red, 5 green; 1 blue, 9 red, 2 green",51," 2 green, 4 red; 1 green, 12 red; 1 blue, 12 red, 5 green; 1 blue, 9 red, 2 green",True,True,True,True,True,True,True
"Game 52: 1 red, 2 green, 9 blue; 6 blue, 5 green, 3 red; 3 red, 8 blue, 4 green; 4 green, 1 blue, 4 red; 2 green, 5 blue; 2 red, 3 green, 6 blue",52," 1 red, 2 green, 9 blue; 6 blue, 5 green, 3 red; 3 red, 8 blue, 4 green; 4 green, 1 blue, 4 red; 2 green, 5 blue; 2 red, 3 green, 6 blue",True,True,True,True,True,True,True
"Game 53: 1 blue, 16 red; 8 red, 4 green; 2 green, 3 red; 2 green, 2 blue; 20 red, 4 green, 1 blue; 1 green, 15 red",53," 1 blue, 16 red; 8 red, 4 green; 2 green, 3 red; 2 green, 2 blue; 20 red, 4 green, 1 blue; 1 green, 15 red",False,True,True,True,False,False,False
"Game 54: 1 red, 8 blue; 2 red, 1 green, 6 blue; 9 red, 9 blue",54," 1 red, 8 blue; 2 red, 1 green, 6 blue; 9 red, 9 blue",True,True,True,True,True,True,True
"Game 55: 1 red, 6 green, 1 blue; 1 green, 1 red, 2 blue; 1 red, 5 blue; 1 green, 1 red; 2 green",55," 1 red, 6 green, 1 blue; 1 green, 1 red, 2 blue; 1 red, 5 blue; 1 green, 1 red; 2 green",True,True,True,True,True,True,True
"Game 56: 8 blue, 8 green, 7 red; 3 red, 1 blue, 9 green; 4 green, 5 red, 12 blue",56," 8 blue, 8 green, 7 red; 3 red, 1 blue, 9 green; 4 green, 5 red, 12 blue",True,True,True,True,True,True,True
"Game 57: 11 green, 16 blue, 5 red; 9 green, 13 blue; 16 blue, 4 red, 15 green; 17 green, 7 red, 15 blue; 1 red, 9 green, 5 blue; 18 blue",57," 11 green, 16 blue, 5 red; 9 green, 13 blue; 16 blue, 4 red, 15 green; 17 green, 7 red, 15 blue; 1 red, 9 green, 5 blue; 18 blue",False,True,False,False,True,False,False
"Game 58: 2 green, 2 blue, 1 red; 7 green, 3 red, 5 blue; 6 green, 1 blue, 2 red; 5 green, 4 blue; 2 blue, 6 green",58," 2 green, 2 blue, 1 red; 7 green, 3 red, 5 blue; 6 green, 1 blue, 2 red; 5 green, 4 blue; 2 blue, 6 green",True,True,True,True,True,True,True
"Game 59: 8 green, 11 blue; 13 blue, 4 green, 3 red; 6 green, 19 blue, 14 red",59," 8 green, 11 blue; 13 blue, 4 green, 3 red; 6 green, 19 blue, 14 red",True,True,False,True,True,True,False
"Game 60: 6 red, 4 green, 4 blue; 12 green, 2 blue, 13 red; 2 green, 1 red; 3 green, 9 red; 1 red, 1 blue, 2 green",60," 6 red, 4 green, 4 blue; 12 green, 2 blue, 13 red; 2 green, 1 red; 3 green, 9 red; 1 red, 1 blue, 2 green",True,False,True,True,True,True,False
"Game 61: 10 green, 1 blue, 1 red; 11 green, 7 blue; 2 red, 3 green, 6 blue",61," 10 green, 1 blue, 1 red; 11 green, 7 blue; 2 red, 3 green, 6 blue",True,True,True,True,True,True,True
"Game 62: 5 green, 7 blue, 3 red; 9 blue, 7 green, 3 red; 5 red, 2 green, 12 blue; 14 blue, 10 red, 7 green; 3 blue, 1 green, 10 red",62," 5 green, 7 blue, 3 red; 9 blue, 7 green, 3 red; 5 red, 2 green, 12 blue; 14 blue, 10 red, 7 green; 3 blue, 1 green, 10 red",True,True,True,True,True,True,True
"Game 63: 1 red, 4 green, 6 blue; 2 blue, 14 red, 1 green; 1 red, 4 green, 3 blue; 1 red, 2 blue, 1 green; 4 blue, 11 red, 6 green; 3 green, 7 blue, 1 red",63," 1 red, 4 green, 6 blue; 2 blue, 14 red, 1 green; 1 red, 4 green, 3 blue; 1 red, 2 blue, 1 green; 4 blue, 11 red, 6 green; 3 green, 7 blue, 1 red",True,False,True,True,True,True,False
"Game 64: 14 red, 4 green, 5 blue; 7 red, 5 green, 6 blue; 8 blue, 8 red, 1 green",64," 14 red, 4 green, 5 blue; 7 red, 5 green, 6 blue; 8 blue, 8 red, 1 green",False,True,True,True,True,True,False
"Game 65: 3 blue, 6 green, 1 red; 2 blue, 10 green; 16 green, 1 blue, 1 red; 20 green",65," 3 blue, 6 green, 1 red; 2 blue, 10 green; 16 green, 1 blue, 1 red; 20 green",True,True,False,False,True,True,False
"Game 66: 7 red, 4 blue; 4 blue, 8 red; 2 blue, 3 green, 7 red; 7 red, 1 green, 4 blue; 3 green, 5 red",66," 7 red, 4 blue; 4 blue, 8 red; 2 blue, 3 green, 7 red; 7 red, 1 green, 4 blue; 3 green, 5 red",True,True,True,True,True,True,True
"Game 67: 2 green, 14 red, 5 blue; 20 red, 15 blue, 2 green; 15 blue, 15 red, 1 green",67," 2 green, 14 red, 5 blue; 20 red, 15 blue, 2 green; 15 blue, 15 red, 1 green",False,False,False,True,True,True,False
"Game 68: 6 green, 9 red, 7 blue; 3 green, 9 red, 13 blue; 9 blue, 4 red; 2 red, 4 blue; 6 green, 9 red; 2 green, 6 blue",68," 6 green, 9 red, 7 blue; 3 green, 9 red, 13 blue; 9 blue, 4 red; 2 red, 4 blue; 6 green, 9 red; 2 green, 6 blue",True,True,True,True,True,True,True
"Game 69: 8 green, 1 blue, 11 red; 7 blue, 2 red, 11 green; 7 blue, 14 green; 2 red, 10 blue, 8 green; 14 red, 4 green, 5 blue; 16 red, 5 blue, 7 green",69," 8 green, 1 blue, 11 red; 7 blue, 2 red, 11 green; 7 blue, 14 green; 2 red, 10 blue, 8 green; 14 red, 4 green, 5 blue; 16 red, 5 blue, 7 green",True,True,False,True,False,False,False
"Game 70: 7 green, 11 red; 11 green, 2 blue; 11 green, 17 red, 8 blue; 4 green, 7 blue",70," 7 green, 11 red; 11 green, 2 blue; 11 green, 17 red, 8 blue; 4 green, 7 blue",True,True,False,True,True,True,False
"Game 71: 4 blue, 4 red, 2 green; 2 green, 6 red, 5 blue; 1 green, 2 red; 2 green, 6 blue, 2 red; 2 green",71," 4 blue, 4 red, 2 green; 2 green, 6 red, 5 blue; 1 green, 2 red; 2 green, 6 blue, 2 red; 2 green",True,True,True,True,True,True,True
"Game 72: 1 green, 1 red, 1 blue; 1 green, 4 red, 1 blue; 2 green, 1 blue, 5 red; 3 red; 2 green, 1 blue, 1 red",72," 1 green, 1 red, 1 blue; 1 green, 4 red, 1 blue; 2 green, 1 blue, 5 red; 3 red; 2 green, 1 blue, 1 red",True,True,True,True,True,True,True
"Game 73: 10 blue, 2 green, 3 red; 13 blue, 13 green, 4 red; 2 red, 8 green; 11 green, 1 red, 1 blue; 14 green, 15 blue, 4 red",73," 10 blue, 2 green, 3 red; 13 blue, 13 green, 4 red; 2 red, 8 green; 11 green, 1 red, 1 blue; 14 green, 15 blue, 4 red",True,True,True,True,False,True,False
"Game 74: 3 green, 1 blue, 7 red; 15 green, 4 red, 1 blue; 3 red, 6 green",74," 3 green, 1 blue, 7 red; 15 green, 4 red, 1 blue; 3 red, 6 green",True,False,True,True,True,True,False
"Game 75: 15 red; 15 red, 4 blue; 14 red, 3 blue, 1 green; 8 red, 1 green, 2 blue; 1 green, 13 red, 1 blue",75," 15 red; 15 red, 4 blue; 14 red, 3 blue, 1 green; 8 red, 1 green, 2 blue; 1 green, 13 red, 1 blue",False,False,False,True,False,True,False
"Game 76: 4 blue, 7 green, 1 red; 1 red, 1 green, 10 blue; 2 green, 3 blue; 9 green; 4 green, 11 blue; 6 blue, 3 green",76," 4 blue, 7 green, 1 red; 1 red, 1 green, 10 blue; 2 green, 3 blue; 9 green; 4 green, 11 blue; 6 blue, 3 green",True,True,True,True,True,True,True
"Game 77: 2 red, 8 blue, 12 green; 10 green, 2 blue; 7 green, 1 blue, 4 red; 3 green, 2 red; 13 green, 4 blue, 3 red",77," 2 red, 8 blue, 12 green; 10 green, 2 blue; 7 green, 1 blue, 4 red; 3 green, 2 red; 13 green, 4 blue, 3 red",True,True,True,True,True,True,True
"Game 78: 8 blue, 2 green; 1 green, 5 blue, 2 red; 3 red, 3 green; 3 blue, 1 red, 5 green; 3 blue, 4 green, 3 red; 3 red",78," 8 blue, 2 green; 1 green, 5 blue, 2 red; 3 red, 3 green; 3 blue, 1 red, 5 green; 3 blue, 4 green, 3 red; 3 red",True,True,True,True,True,True,True
"Game 79: 8 green, 5 red, 2 blue; 1 blue, 6 red; 9 green, 2 red; 1 blue, 8 green, 8 red; 6 green, 1 red; 2 red, 9 green",79," 8 green, 5 red, 2 blue; 1 blue, 6 red; 9 green, 2 red; 1 blue, 8 green, 8 red; 6 green, 1 red; 2 red, 9 green",True,True,True,True,True,True,True
"Game 80: 2 blue, 11 red, 15 green; 6 blue, 9 red, 19 green; 16 green, 3 red",80," 2 blue, 11 red, 15 green; 6 blue, 9 red, 19 green; 16 green, 3 red",False,False,False,True,True,True,False
"Game 81: 15 blue, 18 red; 18 red, 2 green; 7 red, 2 green, 11 blue; 17 blue, 8 red; 8 green, 8 red; 2 red, 10 green",81," 15 blue, 18 red; 18 red, 2 green; 7 red, 2 green, 11 blue; 17 blue, 8 red; 8 green, 8 red; 2 red, 10 green",False,False,True,False,True,True,False
"Game 82: 6 blue, 1 red; 2 red, 5 green, 8 blue; 3 blue, 5 green; 1 green, 2 red, 2 blue; 2 red, 4 green, 5 blue",82," 6 blue, 1 red; 2 red, 5 green, 8 blue; 3 blue, 5 green; 1 green, 2 red, 2 blue; 2 red, 4 green, 5 blue",True,True,True,True,True,True,True
"Game 83: 1 red, 16 green, 7 blue; 1 blue, 4 red, 4 green; 4 blue, 5 red, 1 green; 1 red, 7 blue, 11 green; 6 red, 7 blue, 2 green",83," 1 red, 16 green, 7 blue; 1 blue, 4 red, 4 green; 4 blue, 5 red, 1 green; 1 red, 7 blue, 11 green; 6 red, 7 blue, 2 green",False,True,True,True,True,True,False
"Game 84: 3 red, 4 green, 16 blue; 3 blue, 2 green, 2 red; 10 green, 15 blue, 3 red",84," 3 red, 4 green, 16 blue; 3 blue, 2 green, 2 red; 10 green, 15 blue, 3 red",False,True,False,True,True,True,False
"Game 85: 7 red, 2 blue, 15 green; 1 red, 12 green, 6 blue; 5 red, 16 green, 1 blue; 8 blue, 10 green, 3 red; 3 blue, 2 red; 5 blue, 16 green, 4 red",85," 7 red, 2 blue, 15 green; 1 red, 12 green, 6 blue; 5 red, 16 green, 1 blue; 8 blue, 10 green, 3 red; 3 blue, 2 red; 5 blue, 16 green, 4 red",False,True,False,True,True,False,False
"Game 86: 10 red, 3 blue, 4 green; 1 red, 2 blue, 3 green; 15 red, 1 blue; 2 green, 2 red, 2 blue; 4 red, 4 green, 1 blue; 3 green, 2 red, 3 blue",86," 10 red, 3 blue, 4 green; 1 red, 2 blue, 3 green; 15 red, 1 blue; 2 green, 2 red, 2 blue; 4 red, 4 green, 1 blue; 3 green, 2 red, 3 blue",True,True,False,True,True,True,False
"Game 87: 19 blue, 2 green; 12 blue; 15 red, 2 green, 20 blue; 14 blue, 9 red; 6 blue, 3 green",87," 19 blue, 2 green; 12 blue; 15 red, 2 green, 20 blue; 14 blue, 9 red; 6 blue, 3 green",False,True,False,True,True,True,False
"Game 88: 19 green, 4 red; 2 green, 7 blue, 17 red; 7 blue, 9 green, 8 red; 9 blue, 5 red, 14 green; 11 red, 9 blue, 19 green",88," 19 green, 4 red; 2 green, 7 blue, 17 red; 7 blue, 9 green, 8 red; 9 blue, 5 red, 14 green; 11 red, 9 blue, 19 green",False,False,True,False,False,True,False
"Game 89: 20 blue, 13 green; 4 green, 5 red, 14 blue; 3 blue; 4 green, 5 blue; 3 red, 6 blue, 7 green",89," 20 blue, 13 green; 4 green, 5 red, 14 blue; 3 blue; 4 green, 5 blue; 3 red, 6 blue, 7 green",False,True,True,True,True,True,False
"Game 90: 1 blue, 12 red; 3 green, 9 blue, 8 red; 2 blue, 3 green, 10 red; 8 blue, 5 red, 1 green",90," 1 blue, 12 red; 3 green, 9 blue, 8 red; 2 blue, 3 green, 10 red; 8 blue, 5 red, 1 green",True,True,True,True,True,True,True
"Game 91: 4 blue, 2 red, 5 green; 5 blue, 5 green, 2 red; 3 blue, 14 green, 3 red; 8 green, 1 red, 8 blue; 8 green, 2 red, 3 blue; 19 green, 8 blue, 10 red",91," 4 blue, 2 red, 5 green; 5 blue, 5 green, 2 red; 3 blue, 14 green, 3 red; 8 green, 1 red, 8 blue; 8 green, 2 red, 3 blue; 19 green, 8 blue, 10 red",True,True,False,True,True,False,False
"Game 92: 11 green, 8 red, 5 blue; 12 green, 14 blue, 11 red; 4 green, 16 red",92," 11 green, 8 red, 5 blue; 12 green, 14 blue, 11 red; 4 green, 16 red",True,True,False,True,True,True,False
"Game 93: 13 blue, 3 red, 3 green; 2 green, 6 blue, 3 red; 2 red, 19 blue, 5 green",93," 13 blue, 3 red, 3 green; 2 green, 6 blue, 3 red; 2 red, 19 blue, 5 green",True,True,False,True,True,True,False
"Game 94: 5 green, 7 red, 10 blue; 5 blue, 8 red, 8 green; 5 blue, 6 red, 4 green; 12 blue, 9 red, 4 green; 6 blue, 5 green, 5 red; 8 green, 10 red",94," 5 green, 7 red, 10 blue; 5 blue, 8 red, 8 green; 5 blue, 6 red, 4 green; 12 blue, 9 red, 4 green; 6 blue, 5 green, 5 red; 8 green, 10 red",True,True,True,True,True,True,True
"Game 95: 1 red, 4 green, 10 blue; 7 blue, 5 green, 3 red; 13 blue, 2 red, 4 green",95," 1 red, 4 green, 10 blue; 7 blue, 5 green, 3 red; 13 blue, 2 red, 4 green",True,True,True,True,True,True,True
"Game 96: 2 green, 1 red; 5 green, 10 blue; 3 blue, 5 green; 1 red; 2 blue, 6 green",96," 2 green, 1 red; 5 green, 10 blue; 3 blue, 5 green; 1 red; 2 blue, 6 green",True,True,True,True,True,True,True
"Game 97: 6 green, 12 red, 8 blue; 4 green, 7 red, 7 blue; 1 green, 4 red, 9 blue; 7 red, 4 green; 6 blue, 10 red, 15 green",97," 6 green, 12 red, 8 blue; 4 green, 7 red, 7 blue; 1 green, 4 red, 9 blue; 7 red, 4 green; 6 blue, 10 red, 15 green",True,True,True,True,False,True,False
"Game 98: 3 green, 5 red; 12 red, 11 green, 1 blue; 16 red, 4 green, 1 blue",98," 3 green, 5 red; 12 red, 11 green, 1 blue; 16 red, 4 green, 1 blue",True,True,False,True,True,True,False
"Game 99: 8 blue, 7 green; 1 green, 5 red, 3 blue; 7 green, 1 red, 2 blue; 5 green, 3 red, 12 blue; 2 green, 7 blue, 3 red",99," 8 blue, 7 green; 1 green, 5 red, 3 blue; 7 green, 1 red, 2 blue; 5 green, 3 red, 12 blue; 2 green, 7 blue, 3 red",True,True,True,True,True,True,True
"Game 100: 4 blue, 1 green; 13 red, 2 blue; 16 red; 15 red, 2 blue; 9 red, 1 green, 1 blue; 7 red, 4 blue",100," 4 blue, 1 green; 13 red, 2 blue; 16 red; 15 red, 2 blue; 9 red, 1 green, 1 blue; 7 red, 4 blue",True,False,False,False,True,True,False
